[{"id":"user-image-5.jpg","publicUrl":"np://user.desktop.nicepage.com/Site_208719049/images/5.jpg","size":5869,"hash":"UHs/yuxFYqSaR3ZZWIBlzGAahrs=","fileName":"5.jpg","name":"5","width":173,"height":133,"thumbnail":{"url":"np://user.desktop.nicepage.com/Site_208719049/images/thumbnails/5.jpg","width":173,"height":133,"length":5869,"type":"png"},"usages":["469204062","23614057"]},{"id":"user-image-5550bd996a2ab0.50374319-Copie-Copie2-Copie.jpg","publicUrl":"np://user.desktop.nicepage.com/Site_208719049/images/5550bd996a2ab0.50374319-Copie-Copie2-Copie.jpg","size":242693,"hash":"iAtIw7OvTfrXqDaCDCDPP7h7g7E=","fileName":"5550bd996a2ab0.50374319-Copie-Copie2-Copie.jpg","name":"5550bd996a2ab0.50374319-Copie-Copie2-Copie","width":539,"height":307,"thumbnail":{"url":"np://user.desktop.nicepage.com/Site_208719049/images/thumbnails/5550bd996a2ab0.50374319-Copie-Copie2-Copie.jpg","width":250,"height":142},"usages":["469204062","23614057"]},{"id":"user-image-0.jpg","publicUrl":"np://user.desktop.nicepage.com/Site_208719049/images/0.jpg","size":55473,"hash":"1Iqx93wEe8UbgpMoV8Bcbu+YzHU=","fileName":"0.jpg","name":"0","width":1130,"height":706,"thumbnail":{"url":"np://user.desktop.nicepage.com/Site_208719049/images/thumbnails/0.jpg","width":250,"height":156},"usages":["469204062","23614057"]},{"id":"user-image-carte-pcs_2-min-Copie.jpg","publicUrl":"np://user.desktop.nicepage.com/Site_208719049/images/carte-pcs_2-min-Copie.jpg","size":27404,"hash":"rby9+iipn3B6i+EYbEAJen7U1NI=","fileName":"carte-pcs_2-min-Copie.jpg","name":"carte-pcs_2-min-Copie","width":300,"height":77,"thumbnail":{"url":"np://user.desktop.nicepage.com/Site_208719049/images/thumbnails/carte-pcs_2-min-Copie.jpg","width":250,"height":64},"usages":["469204062","23614057"]},{"id":"user-image-PAYSAFECARD-333w.jpg","publicUrl":"np://user.desktop.nicepage.com/Site_208719049/images/PAYSAFECARD-333w.jpg","size":9144,"hash":"29j7U9oavxuwcLanj/Ft0C5Z07Y=","fileName":"PAYSAFECARD-333w.jpg","name":"PAYSAFECARD-333w","width":330,"height":330,"thumbnail":{"url":"np://user.desktop.nicepage.com/Site_208719049/images/thumbnails/PAYSAFECARD-333w.jpg","width":250,"height":250},"usages":["469204062","23614057"]},{"id":"user-image-cartes-et-ondes-552w.png","publicUrl":"np://user.desktop.nicepage.com/Site_208719049/images/cartes-et-ondes-552w.png","size":237446,"hash":"BABmAWeKcZVmoLdNACxGVhJw9oo=","fileName":"cartes-et-ondes-552w.png","name":"cartes-et-ondes-552w","width":550,"height":392,"thumbnail":{"url":"np://user.desktop.nicepage.com/Site_208719049/images/thumbnails/cartes-et-ondes-552w.png","width":250,"height":178},"usages":["469204062","23614057"]},{"id":"user-image-Neosurf-264w.png","publicUrl":"np://user.desktop.nicepage.com/Site_208719049/images/Neosurf-264w.png","size":47409,"hash":"4RTsLmrroiphtsttpdr0KeaSKYU=","fileName":"Neosurf-264w.png","name":"Neosurf-264w","width":260,"height":189,"thumbnail":{"url":"np://user.desktop.nicepage.com/Site_208719049/images/thumbnails/Neosurf-264w.png","width":250,"height":182},"usages":["469204062","23614057"]},{"id":"user-image-profil-264w.png","publicUrl":"np://user.desktop.nicepage.com/Site_208719049/images/profil-264w.png","size":6858,"hash":"prkP9UiuAWGH36Vf1eYNe/fZ3Ao=","fileName":"profil-264w.png","name":"profil-264w","width":320,"height":320,"thumbnail":{"url":"np://user.desktop.nicepage.com/Site_208719049/images/thumbnails/profil-264w.png","width":250,"height":250},"usages":["469204062","23614057"]},{"id":"user-image-tlchargement.jpg","publicUrl":"np://user.desktop.nicepage.com/Site_208719049/images/tlchargement.jpg","size":6967,"hash":"YDlRzYnv4tD4iENPvGurC3wVMyI=","fileName":"tlchargement.jpg","name":"tlchargement","width":260,"height":156,"thumbnail":{"url":"np://user.desktop.nicepage.com/Site_208719049/images/thumbnails/tlchargement.jpg","width":250,"height":150},"usages":["469204062"]},{"id":"user-image-3-min.jpg","publicUrl":"np://user.desktop.nicepage.com/Site_208719049/images/3-min.jpg","size":521108,"hash":"fL8EE0uzPTBHFF2YSf7wjpbkT+w=","fileName":"3-min.jpg","name":"3-min","width":1980,"height":1320,"thumbnail":{"url":"np://user.desktop.nicepage.com/Site_208719049/images/thumbnails/3-min.jpg","width":250,"height":167},"originalUrl":"https://assets.nicepagecdn.com/d2cc3eaa/4115030/images/3-min.jpg","usages":["23614057","469204062"]},{"id":"user-image-Transcash_banner11.jpg","publicUrl":"np://user.desktop.nicepage.com/Site_208719049/images/Transcash_banner11.jpg","size":37723,"hash":"Mf811rHk26SzV1wGCeYrX5Ps3FQ=","fileName":"Transcash_banner11.jpg","name":"Transcash_banner11","width":350,"height":315,"thumbnail":{"url":"np://user.desktop.nicepage.com/Site_208719049/images/thumbnails/Transcash_banner11.jpg","width":250,"height":225},"usages":["469204062","23614057"]},{"id":"user-image-fLEXEPIN-264w.png","publicUrl":"np://user.desktop.nicepage.com/Site_208719049/images/fLEXEPIN-264w.png","size":18681,"hash":"0nkIx31G2eDCf1rTWupx2RKIOUY=","fileName":"fLEXEPIN-264w.png","name":"fLEXEPIN-264w","width":400,"height":300,"thumbnail":{"url":"np://user.desktop.nicepage.com/Site_208719049/images/thumbnails/fLEXEPIN-264w.png","width":250,"height":188},"usages":["469204062","23614057"]},{"id":"user-image-3-Copie-Copie-Copie.jpg","publicUrl":"np://user.desktop.nicepage.com/Site_208719049/images/3-Copie-Copie-Copie.jpg","size":15186,"hash":"NOb8E89UQAVffTXfCV8/eJLuAN0=","fileName":"3-Copie-Copie-Copie.jpg","name":"3-Copie-Copie-Copie","width":503,"height":215,"thumbnail":{"url":"np://user.desktop.nicepage.com/Site_208719049/images/3-Copie-Copie-Copie.jpg","width":250,"height":107},"usages":["469204062","23614057"]},{"id":"user-image-gh4.jpg","publicUrl":"np://user.desktop.nicepage.com/Site_208719049/images/gh4.jpg","size":11079,"hash":"TdMFm3qiBwze0uOgsouUr+VijBQ=","fileName":"gh4.jpg","name":"gh4","width":1440,"height":1080,"thumbnail":{"url":"np://user.desktop.nicepage.com/Site_208719049/images/thumbnails/gh4.jpg","width":250,"height":188},"originalUrl":"//images01.nicepagecdn.com/c461c07a441a5d220e8feb1a/9732688bbb5f538aaa439d44/gh4.jpg","usages":["23614057"]}]